Abe	Abe,	0.8364627957344055	Rouch	0.8200197219848633	Namittag	0.8066568970680237	Abedsyte	0.8021056652069092	Zmittag	0.7976604104042053	binenangere	0.7973626852035522	Samschtig	0.7967249155044556	Samschtizobe	0.7945129871368408	hingerenangere	0.7942118048667908	Sterr	0.7930623292922974
Abort	Aborte	0.8723321557044983	Abort,	0.8592267632484436	Aborts	0.8163621425628662	Aborte,	0.8040606379508972	Abortes	0.8035414814949036	Abort.	0.7917910814285278	Holzkeller	0.7653040885925293	Klosett	0.7652247548103333	Aborten	0.7612767815589905	Abortfrau	0.7605740427970886
Abstellkammer	Abstellraum	0.8624333143234253	Abstellraum,	0.8373778462409973	Rollkammer	0.8205348253250122	Stallkammer	0.8137882947921753	Mehlkammer	0.808739185333252	Pfandkammer	0.8016093969345093	Wiegkammer	0.7993273735046387	Küchenkammer	0.7925516963005066	Speisekammerschlüssel	0.7913612127304077	Kofferkammer	0.7878573536872864
Arbeitszimmer	Arbeitszimmern	0.9662045836448669	Arbeitszimmer,	0.9631352424621582	Arbeitszimmer;	0.9561865329742432	Privatarbeitszimmer	0.9488394260406494	Arbeitszimmer:	0.9463801980018616	Arbeitszimmer.	0.9424639344215393	Arbeitszimmers	0.9417468309402466	Arbeitszimmer!	0.9373666048049927	Arbeitszimmer?	0.9301883578300476	Schreibzimmer	0.9289253354072571
Attika	Attikas	0.9165205955505371	Attika,	0.9037043452262878	Sparta	0.8610715270042419	Attika;	0.857125461101532	Attikas,	0.8568735718727112	Kreta	0.8464773893356323	Peloponnesus	0.8435629606246948	Attika.	0.840563178062439	Böotien	0.8381394743919373	Heraklea	0.8374950289726257
Bad	Bad,	0.8904945850372314	Bade	0.8174140453338623	Brunnenkur	0.795598030090332	Fußwasser	0.7940877676010132	Dampfbad	0.7899394631385803	Morgenbad	0.7892342209815979	Bad.	0.7820951342582703	Badesalz	0.781063437461853	Stillwasser	0.7761396765708923	Annenbad	0.7750040292739868
Badewanne	Badewanne,	0.9542906880378723	Badewanne;	0.9179002642631531	Badewannen	0.9079827070236206	Badewanne.	0.9033641219139099	Badewanne.«	0.8741796016693115	Waschschüssel	0.8726849555969238	Badewanne!	0.8687596917152405	Badewannen,	0.8683181405067444	Wanne	0.8665390610694885	Gummibadewanne	0.8611775040626526
Badezimmer	Badezimmer,	0.9632643461227417	Badezimmern	0.9577906131744385	Badezimmer;	0.943691074848175	Badezimmern,	0.9322466850280762	Badezimmer.	0.9302847981452942	Badezimmers	0.9156133532524109	Badezimmer.«	0.9010095000267029	Badezimmertür	0.8835174441337585	Waschzimmer	0.8833916187286377	Badezimmers,	0.8750076293945312
Balkon	Balkon,	0.9186352491378784	Balkonfenster	0.8901947736740112	Balkonplatz	0.882533848285675	Balkonfenster,	0.878985583782196	Balkons	0.8723072409629822	Balkonloge	0.8652186989784241	Altan	0.8611558675765991	Altane	0.8569520711898804	Balkonwand	0.8558417558670044	Terrasse	0.853696346282959
Bank	Bank,	0.9235585927963257	Rentenbank	0.8430842757225037	Ladenbank	0.8211049437522888	Sodenbank	0.8180515766143799	Ewbank	0.8105847239494324	Gartenbank	0.805308997631073	Bodenbank	0.8027132749557495	Bank.	0.8024036288261414	Parkbank	0.7991269826889038	Armenbank	0.7988650798797607
Beistelltisch	Schalterdienst	0.8039995431900024	Gesindetisch	0.7890845537185669	Kammerrichter	0.7857730388641357	Kanzleitisch	0.7794337868690491	Verwalterstelle	0.775234043598175	Unterverwalter	0.7713946104049683	Oberhofrichter	0.7683613300323486	Treuhändern	0.7679357528686523	Kammerrichter,	0.7673012614250183	Oberschenken	0.7663531303405762
Bett	Bett,	0.9055126309394836	Bette	0.8961536288261414	Bette,	0.8628414869308472	Bett.	0.8614304661750793	Bett;	0.8437273502349854	Spitalbett	0.8293983936309814	Rollbett	0.8282523155212402	Gastbett	0.8176249265670776	Rollbette	0.8173235654830933	Gastbette	0.8171190023422241
Bettes	Bettes,	0.9340022802352905	Fußende	0.9028569459915161	Kopfende	0.8745922446250916	Ruhebettes	0.8652204871177673	Bettes.	0.849448025226593	Bettvorhanges	0.8383357524871826	Gastbettes	0.8318026661872864	Bettes;	0.8302660584449768	Ruhebettes,	0.8260873556137085	Sessels	0.8243046998977661
Büchergestell	Büchergestell,	0.9773504137992859	Büchergestelle	0.964933454990387	Büchergestells	0.964198648929596	Büchergestell.	0.9553440809249878	Büchergestelle,	0.9500659704208374	Büchergestellen	0.9311776161193848	Büchergestellen,	0.9191451668739319	Bücherregal,	0.8864330649375916	Bücherregal.	0.88264399766922	Bücherregal	0.8798580169677734
Bücherregal	Bücherregal,	0.9800349473953247	Bücherregal.	0.9757013320922852	Bücherregale	0.971053957939148	Bücherregals	0.967484176158905	Bücherregalen	0.9629853367805481	Bücherregale,	0.9535149931907654	Bücherregalen,	0.9419820308685303	Bücherregale.	0.941012442111969	Bücherregalen.	0.9272570610046387	Bücherrepositorien	0.9057779312133789
Büro	Büro,	0.9044986367225647	Bürozimmer	0.876046359539032	Bureau	0.8746086359024048	Privatkontor	0.8691554665565491	Privatbüro	0.8649982213973999	Büro.	0.8617696166038513	Redaktionsbüro	0.8548580408096313	Geschäftsbureau	0.8537933826446533	Privattelephon	0.8511176705360413	Geschäftsbüro	0.8485665917396545
Bürostuhl	Kontorstuhl	0.895392894744873	Bureaustuhl	0.8937665820121765	Kontorsessel	0.8729398250579834	Kontorstuhl,	0.8543895483016968	Barstuhl	0.826625645160675	Arbeitsstuhl	0.8254444599151611	Amtssessel	0.8198990225791931	Langstuhl	0.8172451257705688	Schreibtischstuhl	0.8156708478927612	Kontorschemel	0.8150762319564819
Bürotisch	Farotisch	0.8289883732795715	Vorstandstisch	0.7971099019050598	Pharotisch	0.7914106249809265	Diwantisch	0.7879518270492554	(typisch	0.783164918422699	Vorstandstisch,	0.7804754972457886	Schaltertisch	0.7729894518852234	schematisch	0.7679529190063477	Büromensch	0.7652129530906677	Büromenschen	0.7633433938026428
Chaislounge	Colonello-tenente	0.824536144733429	Lounge	0.8160795569419861	verpagglete	0.8119937181472778	Chaisli	0.810129702091217	Stroudecher	0.8099564909934998	Strouburdi	0.8095353245735168	Griends	0.8092460036277771	Houen	0.807545006275177	Gutschner	0.8041612505912781	dürschnouset	0.8020496964454651
Cheminée	cheminée	0.9228516221046448	cheminées	0.8980851173400879	Chemin	0.8745145201683044	cheminée,	0.8730245232582092	Lumière	0.8717186450958252	Salpétrière	0.8685815930366516	vienne	0.8682107925415039	d'anneaux	0.8675446510314941	chemin	0.8644866943359375	régulière	0.8601605892181396
Couch	Couch,	0.8887963891029358	Couche	0.8146613836288452	Couch.	0.8057776689529419	Coucher	0.8043283820152283	Couchette	0.8027811050415039	Liegestuhl	0.7960095405578613	Couchon	0.7869242429733276	Hotelbett	0.7693495750427246	Couchette,	0.7662045955657959	Chaiselongues	0.7625319361686707
Couchtisch	Serviertisch	0.8779208064079285	Marmortischchen	0.8682057857513428	Marmortisch	0.8627341985702515	Anrichtetisch	0.8625492453575134	Mitteltisch	0.8558448553085327	Seitentisch	0.8540463447570801	Schachtischchen	0.852135419845581	Rauchtischchen	0.8513332605361938	Marmortischchen,	0.8511541485786438	Anrichtetisch,	0.848513662815094
Dachfenster	Dachfenster,	0.976860523223877	Dachfenstern	0.9678001403808594	Dachfensterchen	0.9653679132461548	Dachfensters	0.9575493335723877	Dachfenster.	0.9454682469367981	Dachfenstern,	0.9441620707511902	Stubenfenster	0.9226101040840149	Zimmerfenster	0.9172576069831848	Fensterchen	0.9169506430625916	Küchenfenster	0.9162959456443787
Dachgeschoss	Dachgeschoß	0.9309930801391602	Dachgeschoß,	0.9306710958480835	Dachgeschosses	0.9187017679214478	Dachgeschoß.	0.9182202816009521	Brandgeschosse	0.8210687637329102	Kellergeschossen	0.8121971487998962	Sprenggeschoß	0.803398072719574	hinaufgeschossen	0.8017465472221375	geschosse	0.7972885370254517	zugeschossen	0.797019362449646
Dachterrasse	Dachterrasse,	0.9827321171760559	Dachterrassen	0.9593634605407715	Dachterrasse.	0.9473482966423035	Turmterrasse	0.9156240820884705	Mauerterrasse	0.8869953751564026	Uferterrasse	0.8830529451370239	Strandterrasse	0.8820284008979797	Gartenterrassen	0.8816270232200623	Bergterrasse	0.8787898421287537	Hauptterrasse	0.8787386417388916
Decke	Decke,	0.9160990715026855	Zimmerdecke	0.8640075325965881	Holzdecke	0.8566564917564392	Balkendecke	0.8522231578826904	Stubendecke	0.8521161079406738	Zimmerdecke,	0.8490111827850342	Friesdecke	0.8414359092712402	Deckenbalken	0.8408573865890503	Glasdecke	0.8407257795333862	Kristalldecke	0.8393183946609497
Deckenlampe	Deckenlampe,	0.9766872525215149	Deckenlampe.	0.9605711698532104	Deckenlampen	0.932689905166626	Deckenlampen.	0.9032408595085144	Küchenlampe	0.8874295949935913	Hängelampe	0.8853873610496521	Treppenlampe	0.8783515095710754	Nachtlampe	0.8781260848045349	Wandlampe	0.8774290084838867	Flurlampe	0.8704661726951599
Diele	Diele,	0.9286351799964905	Dielen	0.8934944272041321	Hausdiele	0.8783414363861084	Dielen,	0.8737891316413879	Steinfliese	0.8691463470458984	Diele.	0.8654799461364746	Zimmerboden	0.860122561454773	Dielentür	0.8550335168838501	Hausdiele,	0.853289008140564	Dielenbretter	0.8494669795036316
Diwan	Diwan,	0.9344404935836792	Diwans	0.8918436169624329	Diwan;	0.8881992697715759	Diwan:	0.8788246512413025	Diwan.	0.86915522813797	Sofa	0.8670575618743896	Divan	0.8602520227432251	Chaiselongue	0.8600788712501526	Ottomane	0.8546293377876282	Diwankissen	0.8532730937004089
Eckbank	Rohrschemel	0.8291194438934326	Wandbank	0.8107030987739563	Sitzbank	0.8067359328269958	Klappstühlchen	0.8020568490028381	Brettstuhl	0.7986822724342346	Parkbank	0.7976458668708801	Holzbank	0.791612446308136	Schlickbank	0.7907669544219971	Wandsockel	0.7906760573387146	Kaminbank	0.7890208959579468
Einbauschrank	Stahlschrank	0.8637571334838867	Stahlschrank,	0.8397638201713562	Rollschrank	0.8313561081886292	Stahlschrank.	0.8180354237556458	Panzerschrank	0.8176494836807251	Lederbezug	0.8156893253326416	Sicherheitsschrank	0.8135126829147339	Leinenschrank	0.8117141723632812	Kühlschrank	0.8064050674438477	Spiegelschrank	0.7983089685440063
Eingang	Eingange	0.8963029980659485	Haupteingang	0.8877953290939331	Eingang,	0.8813353776931763	Grotteneingang	0.878185510635376	Steingang	0.8712220191955566	Seiteneingang	0.8639593124389648	Haupteingange	0.8638286590576172	Haupteingang,	0.8624894618988037	Eingange,	0.8579337000846863	Haupteingange,	0.8541363477706909
Eingangshalle	Eingangshalle,	0.9839751720428467	Eingangshalle.	0.9685506820678711	Eingangshallen	0.9610512852668762	Empfangshalle	0.9214522242546082	Empfangshalle,	0.9193592667579651	Vorhalle	0.9184588193893433	Empfangshalle.	0.9015683531761169	Eingangsraum	0.899883508682251	Vorhalle,	0.8954741358757019	Treppenhalle	0.8895188570022583
Erdgeschoss	Erdgeschoss,	0.968071699142456	Erdgeschoß	0.9285423159599304	Erdgeschoß,	0.9284836649894714	Erdgeschosse	0.925991415977478	Erdgeschoß;	0.9160295128822327	Erdgeschosse,	0.9157457947731018	Erdgeschoßzimmer	0.9138137102127075	Erdgeschosses	0.9106842875480652	Erdgeschosse.	0.9065669178962708	Erdgeschoß.	0.9049630761146545
Esstisch	Nippestisch	0.8305450081825256	Leutetisch	0.8282728791236877	Diwantisch	0.8254023194313049	Ladetisch	0.805488109588623	Eßtisch	0.8052453994750977	Kinderstubentisch	0.804142415523529	Kaffeehaustisch	0.7999997138977051	Tannentisch	0.7982591390609741	Vatertisch	0.7959578037261963	Krankentisch	0.7955883145332336
Estrich	Estrich,	0.9197230935096741	Estrichboden	0.909262478351593	Dielen	0.8556376099586487	Estrichs	0.8547592759132385	Estrichen	0.853218138217926	Fliesen	0.8530077338218689	Estrich.	0.8477527499198914	Estrich;	0.8474959135055542	Fliesen,	0.8417325019836426	Steinboden	0.8411853313446045
Fenster	Fenster,	0.9334656000137329	Zimmerfenster	0.9322465658187866	Fenstertüre	0.9209818243980408	Flurfenster	0.9184957146644592	Gitterfenster	0.9179388284683228	Dielenfenster	0.9172425270080566	Türfenster	0.9162648916244507	Fenstertür	0.9152597188949585	Fensterchen	0.9144636988639832	Nebenfenster	0.9139119386672974
Fensterbank	Fensterbank,	0.961631178855896	Fensterbank;	0.941371738910675	Fensterbrette	0.9259779453277588	Fensterbrett	0.919309675693512	Fensterbrett,	0.9187772870063782	Fensterbrette,	0.918431282043457	Fensterbank.	0.9125118255615234	Fensterbret	0.9118457436561584	Fensterbrettes	0.9095087051391602	Fenstersims	0.9082393646240234
Fensterladen	Fensterladen,	0.9773700833320618	Fensterlade	0.9701828956604004	Fensterladens	0.9557580947875977	Fensterladen.	0.9425103664398193	Fensterladen;	0.9423405528068542	Fensterladen:	0.9271780848503113	Fensterladens,	0.9257627725601196	Fensterläden	0.9240540266036987	Fensterriegel,	0.9147289991378784	Fensterriegel	0.9140077829360962
Fenstersims	Fenstersims,	0.968643307685852	Fenstersimse	0.9500468373298645	Fenstersimses	0.9424552917480469	Fenstersims.	0.9368159174919128	Fenstersimse,	0.9335245490074158	Fenstersims;	0.9300345778465271	Fensterbrett	0.927690863609314	Fensterbrette	0.9233760237693787	Fensterbrettes	0.9156460165977478	Fensterbrettchen	0.9139513373374939
Flur	Flur,	0.909792423248291	Flure	0.8730669021606445	Vorplatz	0.8666607141494751	Flur.	0.8645153641700745	Hausflur	0.8621756434440613	Flurraum	0.8620980381965637	Flurgang	0.8491696715354919	Flursaal	0.8481717705726624	Vorflur	0.8462522625923157	Hausflur,	0.8440683484077454
Fussboden	Fussboden,	0.948423445224762	Fussbodens	0.9241397976875305	Fussboden.	0.8882715702056885	Fussböden	0.8527303338050842	Fußboden	0.8265624046325684	Sußboden	0.8239707350730896	Lehmfußboden	0.8233212828636169	Lößboden	0.818749725818634	Fliesenboden	0.8140261769294739	Steinfußboden	0.8092961311340332
Gang	Gange	0.8775168657302856	Gang,	0.8739759922027588	Zwischengang	0.8316076993942261	Außengang	0.8164147138595581	Gange,	0.8033158183097839	Schrittgang	0.8021311163902283	Schritt,	0.796104371547699	Nebengang	0.7908523082733154	Schritt	0.7830177545547485	Schlenderschritt	0.777045488357544
Garderobe	Garderobe,	0.9413121342658997	Garderobe-	0.9404245018959045	Maskengarderobe	0.9211050868034363	Damengarderobe	0.9095005393028259	Garderobe«	0.905576765537262	Garderobe;	0.9048993587493896	Flurgarderobe	0.901700496673584	Theatergarderobe	0.900884747505188	Garderoben	0.9005022644996643	Garderobe:	0.8947985768318176
Geländer	Geländer,	0.9418988823890686	Eisengeländer	0.9227389097213745	Treppengeländer	0.9162522554397583	Balkongeländer	0.9079921245574951	Geländerpfosten	0.903827428817749	Verandageländer	0.9023596048355103	Holzgeländer	0.8970106244087219	Brüstung	0.8965153098106384	Treppengeländern	0.8952826261520386	Stiegengeländer	0.8945122361183167
Gesims	Gesimse	0.9296221137046814	Gesimses	0.9075779914855957	Gesims,	0.9031448364257812	Gesimse,	0.888231098651886	Fenstergesims	0.880919337272644	Fenstergesimse,	0.8798685073852539	Fenstersimses	0.8792193531990051	Fenstergesimse	0.8753345012664795	Gesimses,	0.8725886940956116	Steingesims	0.8716108202934265
Gestell	Gestell,	0.9271445870399475	Gestelle	0.9012768864631653	Gestells	0.8935709595680237	Holzgestell	0.8928682804107666	Gestell;	0.8741625547409058	Gestelle,	0.8696316480636597	Holzgestell,	0.8619625568389893	Bettgestell	0.8595343232154846	Gestell.	0.8537928462028503	Brettergestell	0.8493357300758362
Heizung	Heizung,	0.8822454214096069	Beheizung	0.8756794929504395	Gasheizung	0.8722615242004395	Heizungen	0.853481650352478	Zentralheizung	0.8500498533248901	Dampfheizung	0.8417378664016724	Heizungsröhren	0.8350554704666138	Luftheizung	0.8345857262611389	Warmwasserheizung	0.8329800367355347	Zentralheizung,	0.8288630843162537
Herd	Herd,	0.9210342764854431	Herdstatt	0.8596739768981934	Feuerherd	0.8493869304656982	Herd.	0.8456356525421143	Herdes	0.8412955403327942	Herdfeuer	0.8371665477752686	Herdstube	0.8337467908859253	Herdstein	0.8231072425842285	Herdkessel	0.8211249113082886	Feuerherd,	0.8188052177429199
Hintereingang	Hintereingang.	0.9488104581832886	Theatereingang	0.832438051700592	Hinterausgang	0.8216227889060974	Hinterausgang,	0.8143295645713806	Nebeneingang	0.8127694129943848	Vordereingang	0.8110747337341309	eingang	0.8104130029678345	Seiteneingang	0.8056854605674744	Parkeingang	0.8034487366676331	Morgenausgang	0.80340576171875
Hinterhof	Hinterhof,	0.9413841366767883	Hinterhofe	0.9170896410942078	Hinterhofs	0.9102231860160828	Hinterhof;	0.8986642360687256	Hinterhäuschen	0.8937867879867554	Hinterhofes	0.8909098505973816	Hinterhofe,	0.8900132179260254	Hinterhof.	0.8866783976554871	Hinterhofe.	0.8645137548446655	Hinterhaus	0.8544496893882751
Hocker	Hocker,	0.9238256216049194	Hockern	0.857582688331604	Hocker.	0.8484245538711548	Hockers	0.8395625352859497	Hocke	0.8315439224243164	Hockerchen	0.8267020583152771	Brettertisch	0.823917031288147	Hockerei	0.821674644947052	Brettertisch,	0.8196574449539185	Ledersessel,	0.818946123123169
Kachelofen	Kachelofen,	0.9657685160636902	Kachelofens	0.9488845467567444	Kachelofen.	0.9435059428215027	Kachelofen;	0.934736967086792	Kachelofens,	0.9175199270248413	Kachelofens.	0.9045911431312561	Kachelofen.«	0.8806619048118591	Kaminofen	0.87272709608078	Ofen	0.8609221577644348	Ofen,	0.8564061522483826
Kamin	Kamin,	0.9441828727722168	Kaminofen	0.9144075512886047	Kamins	0.908951461315155	Kamine	0.905684232711792	Kaminofen,	0.8890965580940247	Kaminecke	0.8855306506156921	Kaminbrett	0.8778402209281921	Kamin;	0.8757744431495667	Kamin.	0.8724423050880432	Kaminrost	0.8693812489509583
Kammer	Kammer,	0.9271610379219055	Schlafkammer	0.8785383105278015	Sterbekammer	0.8741407990455627	Magdkammer	0.8713452219963074	Schlafkammer,	0.8633188605308533	Bettkammer	0.8589619994163513	Stubenkammer	0.8571162223815918	Unterstube	0.8493517637252808	Bettkammer,	0.84144127368927	Schließerstübchen	0.8414191603660583
Kammern	Kammern,	0.9413026571273804	Vorkammern	0.8791125416755676	Geheimkammern	0.8705960512161255	Steinkammern	0.8589826822280884	kammern	0.8490319848060608	Wasserkammern	0.8344602584838867	Bodenkammern	0.8302719593048096	Wohnkammern	0.8276309370994568	Holzkammern	0.8235228061676025	Arbeitskammern	0.8224299550056458
Kanapee	Sofa	0.9292811155319214	Kanapee,	0.9107733964920044	Kanape	0.9106436967849731	Sofa,	0.8871464729309082	Kanapee;	0.8778010606765747	Kanapees	0.8723893165588379	Canapee	0.8712159395217896	Fauteuil;	0.8498566150665283	Sopha	0.846871554851532	Lehnstuhl	0.8465589880943298
Kinderzimmer	Kinderzimmer,	0.9701818823814392	Kinderzimmern	0.9659808278083801	Kinderzimmer;	0.9555720686912537	Kinderzimmer:	0.9403998851776123	Kinderzimmer.	0.9384210109710693	Kinderzimmers	0.9348837733268738	Kinderzimmer!	0.9269616007804871	Mädchenzimmer	0.908786416053772	Kinderzimmer.«	0.9058151245117188	Kinderzimmers,	0.9009775519371033
Klappstuhl	Klappstuhl,	0.9530880451202393	Klappstuhle	0.9418936967849731	Klappstuhl.	0.9034947156906128	Klappsessel	0.8940133452415466	Klappstühlchen	0.8833221793174744	Rohrstuhl	0.8812655210494995	Korbstuhl	0.8571281433105469	Schaukelstuhl	0.8548778295516968	Schaukelstuhl,	0.8542978763580322	Rohrsessel	0.8500292301177979
Kleiderschrank	Kleiderschrank,	0.9716077446937561	Kleiderschrank;	0.9715789556503296	Kleiderschranks	0.9685843586921692	Kleiderschrank.	0.9582474827766418	Kleiderschrank!	0.9525426626205444	Kleiderschranke	0.9508404731750488	Kleiderschrankes	0.940896213054657	Kleiderschrank.«	0.9408121705055237	Schrank	0.9373623728752136	Wäscheschrank	0.9341847896575928
Komode	Komode,	0.8965447545051575	komode	0.7682702541351318	Hutmode	0.7642384171485901	Commode	0.7466384172439575	Cretonne	0.7460219264030457	Barche	0.7334175109863281	Maroquinleder	0.7276406288146973	Hofmode	0.7245414853096008	Mahagonikommode	0.7234815955162048	Maroquinleder,	0.7224046587944031
Kronleuchter	Kronleuchter,	0.9748066067695618	Kronleuchtern	0.9691591858863831	Kronleuchter;	0.953437089920044	Kronleuchter.	0.952031672000885	Kronleuchtern,	0.948284387588501	Kronleuchters	0.9464218020439148	Kristallkronleuchter	0.9402430057525635	Kronleuchtern.	0.9298131465911865	Kronleuchter!	0.9284148216247559	Messingkronleuchter	0.9205209612846375
Küchenfenster	Küchenfenster,	0.9788559675216675	Küchenfenstern	0.9692785143852234	Küchenfenster.	0.958308756351471	Küchenfensters	0.9571185111999512	Stubenfenster	0.955432653427124	Küchenfenstern,	0.948016345500946	Stubenfenster,	0.9406805634498596	Dielenfenster	0.9347993731498718	Dielenfenster,	0.9278091192245483	Küchenfenster.«	0.9262372851371765
Küchenschrank	Küchenschrank,	0.9764818549156189	Küchenschrank.	0.9609473347663879	Küchenschrank!	0.9518644213676453	Küchenschranke	0.9350974559783936	Küchenschrankes	0.9281037449836731	Wäschschrank	0.9227551221847534	Bettschrank	0.9098794460296631	Schrank	0.907629668712616	Speiseschrank	0.9022843241691589	Leinenschrank	0.8994651436805725
Küchentisch	Küchentisch,	0.9641696214675903	Küchentische	0.9234054088592529	Küchentisch.	0.919968843460083	Ofentisch	0.8962790966033936	Serviertisch	0.881590723991394	Holztisch	0.8760263919830322	Tassenbrett	0.8757814168930054	Anrichttisch	0.8739575743675232	Holztischchen	0.8725086450576782	Eßtisch	0.871695339679718
Lampe	Lampe,	0.9313806295394897	Kerze	0.9105257391929626	Nachtlampe	0.9008269906044006	Wandlampe	0.888947069644928	Gaslampe	0.8856310248374939	Bettlampe	0.8842505216598511	Notlampe	0.8830986618995667	Petrollampe	0.8824672102928162	Talglampe	0.8812162280082703	Hängelampe	0.8810169696807861
Lavabo	Lavaboden	0.8233044743537903	Blech-Lavabo	0.8179928064346313	Lavaboden,	0.7739126086235046	Lavablock	0.7684051394462585	Lava	0.7584722638130188	Lava;	0.7549037933349609	Lavasees	0.7539118528366089	Lavabrocken	0.7516145706176758	Lava)	0.7512813210487366	Laveno	0.741450309753418
Leiter	Leiter,	0.9080649018287659	Bodenleiter	0.8646407127380371	Bankleiter	0.8625636100769043	Dachleiter	0.8623952865600586	Trittleiter	0.8620861768722534	Eisenleiter	0.8570849895477295	Trittleiter,	0.83539217710495	leiter	0.8343731164932251	Ehrenleiter	0.8297165036201477	Sprossenleiter	0.8255855441093445
Leuchte	Leuchte,	0.8833662867546082	Leucht	0.8149927258491516	Licht	0.809524655342102	Erleuchtete	0.7912659645080566	leuchte	0.7848641276359558	Licht,	0.7828674912452698	Leuchtende	0.7788523435592651	Leuchtete	0.7768659591674805	Erleuchte	0.7742217779159546	erleuchte	0.771763801574707
Liegestuhl	Liegestuhl,	0.9489379525184631	Wiegestuhl	0.9179060459136963	Liegestuhl.	0.9067405462265015	Liegestuhls	0.9023916125297546	Liegestuhles	0.8930871486663818	Liegestuhle.	0.8876355886459351	Liegesofa	0.8837823867797852	Korbsessel	0.8661485910415649	Korbstuhl	0.8627481460571289	Schaukelstuhl	0.8467082381248474
Mansarde	Mansarde,	0.9464274644851685	Mansardenkammer	0.9170593619346619	Mansarden	0.9115034937858582	Mansard	0.9054635167121887	Mansardenzimmer	0.9045394062995911	Mansardenwohnung	0.9033933877944946	Mansardenkammer,	0.9027069211006165	Mansardenstube	0.9012119770050049	Dachkammer	0.899692714214325	Mansardenzimmern	0.8939162492752075
Nachttisch	Nachttischchen	0.9633147716522217	Nachttisch,	0.9566095471382141	Nachttischchen,	0.946940541267395	Nachttischs	0.946391224861145	Nachttischlade	0.9452235698699951	Nachttischchens	0.9383067488670349	Nachttischchen.	0.9380566477775574	Nachttischlein	0.9367689490318298	Nachttischlampe	0.927156388759613	Nachttische	0.924161434173584
Nähtisch	Nähtischchen	0.9560877084732056	Nähtischchen,	0.93751460313797	Nähtisch,	0.9344949126243591	Nähtischchens	0.9173097610473633	Nähtischchen.	0.9115790128707886	Arbeitstischchen	0.896723210811615	Nähtisch;	0.8886504173278809	Stickrahmen	0.8881145715713501	Arbeitstischchen,	0.8857200741767883	Nähtische	0.878048837184906
Ofenbank	Ofenbank,	0.9382097125053406	Ofenbank;	0.9058946371078491	Ofenbank.	0.8754659295082092	Ofenecke	0.8354809284210205	Küchenbank	0.830908477306366	Herdbank	0.8202174305915833	Hausbank	0.8020239472389221	Holzbank	0.7999798655509949	Sofaecke	0.7958425283432007	Strohsacke	0.793546199798584
Ohrensessel	Ohrensessel,	0.9674566984176636	Ohrenstuhl	0.8829668760299683	Klappsessel	0.8788078427314758	Ohrenlehnstuhl	0.8701998591423035	Sorgensessel	0.8618871569633484	Ohrenstuhl,	0.8578643202781677	Lehnsessel	0.8524819016456604	Schlafsessel	0.8511229753494263	Backensessel	0.8464757204055786	Ehrensessel	0.8458766937255859
Parterre	Parterre,	0.9471702575683594	»Parterre	0.9306910634040833	Parterres	0.9133723378181458	Parterre;	0.9075077176094055	Parterr	0.9032325148582458	Stehparterre	0.9007704257965088	Parterren	0.8946931958198547	Parterresaal	0.8809825778007507	Parterre.	0.8778218030929565	Parterres,	0.877743661403656
Piano	Piano,	0.9117223024368286	Fortepiano	0.8693710565567017	Pianino	0.8671263456344604	Klaviertrio	0.8647100329399109	Fortepiano,	0.8643167018890381	Pianola,	0.8601848483085632	Pianola	0.8595574498176575	Pianoforte	0.8578432202339172	Piano;	0.8546990156173706	Pianoforte,	0.8504625558853149
Polsterstuhl	Polsterstuhl,	0.9725771546363831	Polsterstuhle	0.9651215076446533	Polsterstuhle,	0.9551903605461121	Polsterstuhl.	0.9424091577529907	Polsterbank	0.9113154411315918	Polstersessel	0.907541036605835	Lehnsessel	0.9037884473800659	Polsterschemel	0.900119960308075	Polstersesseln	0.8979068398475647	Polstersessel,	0.8960673213005066
Portal	Portale	0.9343146681785583	Portal,	0.9238754510879517	Hauptportal	0.9189847707748413	Hauptportal,	0.9062073230743408	Hauptportale	0.8912218809127808	Hauptportals	0.8814123868942261	Schloßportal	0.8793548345565796	Portals	0.8788568377494812	Eingangsthor	0.8782199025154114	Hauptportale,	0.8735308051109314
Pritsche	Pritsche,	0.949051022529602	Pritsche.	0.898443341255188	Pritschen	0.8984197974205017	Pritsche;	0.8921421766281128	Pritschek	0.8901328444480896	Pritschen,	0.8692418932914734	Pritsche:	0.8678541779518127	Holzpritsche	0.865166187286377	Schlafpritsche	0.8588200211524963	Holzpritsche,	0.8549174666404724
Pult	Pult,	0.9051220417022705	Pulte	0.873093843460083	Schreibpult	0.8686164617538452	Schreibpult,	0.8575181365013123	Stehpult	0.8530427813529968	Aktenheft	0.8416975140571594	Schreibpult.	0.831721305847168	Pulte,	0.829553484916687	Schreibtischstuhl,	0.8272213339805603	Stehpult,	0.8244386911392212
Reduit	Quatremère	0.782666802406311	Traduit	0.7825558185577393	cuisinier	0.7784473896026611	féerique	0.7715713977813721	Quatremère,	0.7680522203445435	Acipenser	0.768040657043457	aurez	0.7658118009567261	cellule	0.7625990509986877	Océan	0.7612841129302979	volcanique	0.7603289484977722
Regal	Regal,	0.9032869338989258	Regal.	0.8831775784492493	Bücherregal	0.8457291126251221	Regals	0.8395746946334839	Regale	0.8375722169876099	Regal;	0.8350445032119751	Bücherregal,	0.8335217237472534	Bücherregal.	0.8318621516227722	Wandbrett	0.8189343810081482	Regalen	0.8119240999221802
Saale	Saale,	0.8925501704216003	Saal	0.877631664276123	Bankettsaale	0.8680004477500916	Nebensaale	0.8614485859870911	Speisesaale	0.8594328761100769	Palassaale	0.8438073396682739	Männersaale	0.8413357138633728	Festsaale	0.8395698666572571	Rittersaale	0.8373103737831116	Theatersaale	0.8361867666244507
Salon	Salon,	0.9207244515419006	Salons	0.8756994605064392	Salonton	0.8709475994110107	Empfangssalon	0.868921160697937	Salon.	0.8666123151779175	Speisesaal	0.8643172383308411	Toilettenzimmer	0.862947404384613	Empfangszimmer	0.8623889684677124	Salone	0.8620433807373047	Teesalon	0.8612063527107239
Schaukelstuhl	Schaukelstuhl,	0.9750791192054749	Schaukelstuhle	0.9725373983383179	Schaukelstuhle,	0.9624098539352417	Schaukelstuhls	0.9489501118659973	Schaukelstuhl.	0.9481675028800964	Schaukelstuhles	0.9440512657165527	Schaukelstuhls,	0.9205758571624756	Korbstuhl	0.8618037104606628	Rohrsessel	0.8561109304428101	Klappstuhl	0.8548779487609863
Schemel	Schemel,	0.9285098910331726	Schemels	0.8911241292953491	Schemelchen	0.8891029953956604	Schemel.	0.877824068069458	Polsterschemel	0.8708038926124573	Holzschemel	0.870011031627655	Schemel;	0.8663579821586609	Schemel:	0.8593713641166687	Fußschemel	0.8566464185714722	Sessel	0.8543798923492432
Schrank	Wandschrank	0.9390379786491394	Schrank,	0.9377530813217163	Kleiderschrank	0.9373624324798584	Wäschschrank	0.9162176847457886	Schränkchen	0.9140914082527161	Kleiderschrank,	0.9113299250602722	Leinenschrank	0.9093027114868164	Bettschrank	0.9091467261314392	Küchenschrank	0.9076297283172607	Tassenschrank	0.9064731001853943
Schreibtisch	Schreibtischchen	0.9637758135795593	Schreibtisch,	0.9636052250862122	Schreibtische	0.9613653421401978	Schreibtischs	0.9557449817657471	Schreibtischfach	0.9512917995452881	Schreibtischchen,	0.9511364698410034	Schreibtischlein	0.9468101263046265	Schreibtischstuhl	0.9457550644874573	Schreibtischchen.	0.9446479678153992	Schreibtischlade	0.9446282386779785
Schwelle	Schwelle,	0.9050336480140686	Schwelle.	0.8324972987174988	Haustürschwelle	0.8319884538650513	Pforte	0.8274892568588257	Thürschwelle	0.8269435167312622	Schwelle;	0.8229758143424988	Türschwelle	0.8211191296577454	Zimmerschwelle	0.8192693591117859	Schwelle‹	0.8137402534484863	Haustürschwelle,	0.8080929517745972
Schüttstein	Schüttstein,	0.9528955817222595	Schüttstein.	0.9122653007507324	Schütts	0.8566320538520813	Schüttkasten	0.8481704592704773	Schüttboden	0.8361626267433167	Flintstein	0.814793586730957	Glättstein	0.8102902770042419	Schüttchen	0.8081434965133667	Schuttstein	0.806260883808136	Hattstein	0.8037046194076538
Sekretär	»Sekretär	0.920972466468811	(Sekretär	0.9150647521018982	Kabinettsekretär	0.9065379500389099	Privatsekretär	0.9022143483161926	Sekretär,	0.8959612250328064	Sekretär)	0.8903654217720032	Kardinalsekretär	0.883305549621582	Kabinettssekretär	0.8815634250640869	Finanzsekretär	0.8808000683784485	Hofsekretär	0.878193736076355
Sessel	Armsessel	0.9252607226371765	Sessel,	0.9223260879516602	Stuhl	0.9212042093276978	Lehnsessel	0.915835440158844	Stuhl,	0.8868564367294312	Armsessel,	0.8782781362533569	Ledersessel	0.8770977258682251	Stuhle	0.8766467571258545	Polstersessel	0.8763128519058228	Lehnsessel,	0.8754041790962219
Sims	Mauersims	0.8742650151252747	Gesims	0.841261088848114	Fenstersimses	0.8405426144599915	Wandgesims	0.8389518857002258	Fenstersimse,	0.8361681699752808	Fenstersims,	0.8361241221427917	Fenstersims	0.8360310792922974	Fenstersims;	0.8296084403991699	Fenstersimse	0.829165518283844	Simse	0.8263244032859802
Sofa	Sofa,	0.9386282563209534	Kanapee	0.9292810559272766	Chaiselongue	0.9054608941078186	Sofa;	0.892710268497467	Chaiselonguekissen	0.8896425366401672	Lehnstuhl	0.8884257078170776	Kanapee,	0.888180673122406	Chaiselongue;	0.8854222297668457	Kanape	0.8836213946342468	Chaiselongue:	0.8795145153999329
Spannteppich	Nadelteppich	0.8908116817474365	Laubteppich	0.8714659214019775	Bodenteppich	0.8698835968971252	Samtteppich	0.8695946335792542	Filzteppich	0.869386613368988	Bodenteppich,	0.8622515797615051	Laufteppich	0.8618337512016296	Wollteppich	0.8605173230171204	Sammetteppich	0.859368085861206	Seidenteppich	0.8590470552444458
Spiegel	Spiegel,	0.9027203321456909	Stellspiegel	0.8588638305664062	Schrankspiegel	0.8565413951873779	Spiegel.	0.8481204509735107	Spiegelglas	0.8475738763809204	Kristallspiegel	0.8440380096435547	Spiegels	0.8412192463874817	Schrankspiegel,	0.8391950726509094	Spiegelstein	0.8355463743209839	Spiegelmann	0.834267795085907
Spühlbecken	Abflußbecken	0.90364009141922	Spülbecken	0.9018823504447937	Flußbecken	0.8953158855438232	Talbecken	0.8848074078559875	Muschelbecken	0.8551414608955383	Grundwasserspiegel	0.8458082675933838	Nilbecken	0.8453595638275146	Quellbecken	0.8442197442054749	Seebecken	0.8419386744499207	Kanalwassers	0.8345876336097717
Standuhr	Standuhr,	0.9546060562133789	Wanduhr	0.934043288230896	Standuhr.	0.9202964305877686	Wanduhr,	0.9082413911819458	Stutzuhr	0.8995208144187927	Kastenuhr	0.8821931481361389	Dielenuhr	0.8747438192367554	Hausuhr	0.872968852519989	Wanduhr;	0.8677360415458679	Standuhren	0.8677009344100952
Stege	Stege,	0.911685049533844	Steg	0.8702670931816101	Fußstege	0.8286937475204468	Brückenstege	0.8273223042488098	Stegel	0.8253518342971802	Steg,	0.8184214234352112	Stege.	0.8053568601608276	Brückensteg,	0.8037448525428772	Stege;	0.8002796173095703	Fußsteige,	0.7973397374153137
Stehlampe	Stehlampe,	0.962319552898407	Stehlampe.	0.9387129545211792	Hängelampe	0.8915528059005737	Schirmlampe	0.8888349533081055	Stehlampen	0.8880375027656555	Tischlampe	0.8856029510498047	Glühlampe	0.8845837116241455	Hängelampe.	0.8793924450874329	Petroleumlampe	0.8768979907035828	Hängelampe,	0.8720698356628418
Stiegen	Stiegen,	0.9464956521987915	Stiege	0.8862336277961731	Treppen	0.8779752254486084	Treppenstiegen	0.8616255521774292	Stiegen.	0.8611263632774353	Kellertreppen	0.8602537512779236	Stiege,	0.8587594032287598	Stiegensteigen	0.8545987010002136	Stiegensteigen,	0.8491513133049011	Stiegenflur	0.848512589931488
Stockbett	Dackbett	0.833957850933075	Strohsack	0.799410879611969	Spitalbett	0.7990325689315796	Bettfuß	0.799003541469574	Strohsacke;	0.7871430516242981	Streckbett	0.7841655611991882	Unterbett	0.7808415293693542	Lotterbett,	0.780122697353363	Bettfrau	0.7795584201812744	Bett	0.7792285084724426
Stockwerk	Stockwerk,	0.9547841548919678	Stockwerks	0.9335445761680603	Stockwerk:	0.9317436218261719	Stockwerke	0.930367112159729	Stockwert	0.9274066686630249	Etage	0.923370361328125	Stockwerk;	0.923272967338562	Stockwerkes	0.9193623661994934	Stockwerks;	0.9143674969673157	Stockwerkes,	0.9026093482971191
Stuhl	Stuhl,	0.935815155506134	Sessel	0.9212042093276978	Stuhle	0.9044082760810852	Lehnstuhl	0.8899635076522827	Armstuhl	0.8895848989486694	Armsessel	0.868012547492981	Stuhl.	0.866378903388977	Lehnsessel	0.8658367991447449	Stuhlbrett	0.8546368479728699	Stuhle,	0.8475514650344849
Sälen	Sälen,	0.9050148725509644	Säle	0.8799487352371216	Festsälen	0.8712053298950195	Vorsälen	0.8599184155464172	Räumen	0.8494534492492676	Empfangssälen	0.8381514549255371	Korridoren,	0.8376988172531128	Korridoren	0.8374871015548706	Vorsälen,	0.8373820781707764	Prunksälen	0.8324113488197327
Tafel	Tafel,	0.9079452157020569	Speisetafel	0.8792285919189453	Gasttafel	0.8747156262397766	Speisetafel,	0.846839189529419	Mittagstafel	0.839210033416748	Mittagtafel	0.8306335210800171	Abendtafel	0.8252525925636292	Frühstückstafel	0.8240237832069397	Kußtafel	0.8193643093109131	Hoftafel	0.8181764483451843
Teppich	Teppich,	0.9228046536445618	Filzteppich	0.9213159680366516	Bettteppich	0.9210718274116516	Strohteppich	0.917132556438446	Betteppich	0.9158705472946167	Laubteppich	0.9154354333877563	Flurteppich	0.9153529405593872	Samtteppich	0.9028430581092834	Bodenteppich	0.9026889801025391	Fußteppich	0.8998822569847107
Terrasse	Terrasse,	0.9558013677597046	Gartenterrasse	0.9263036251068115	Caféterrasse	0.9250274896621704	Gartenterrasse,	0.9166253805160522	Terrasse;	0.9066816568374634	Säulenterrasse	0.90285325050354	Terrassentreppe	0.9004954099655151	Schloßterrasse	0.8986209630966187	Rosenterrasse	0.8968279361724854	Marmorterrasse	0.8963401913642883
Theke	Theke,	0.8584433794021606	Schanktisch	0.8266466856002808	Tonbank	0.8133161067962646	Ladentisch	0.80494225025177	Bierkanne	0.8031631112098694	Serviertisch	0.7989396452903748	Schnapsgläsern	0.7986376881599426	Schnapsgläser	0.7971276640892029	Kaffeetäßchen	0.7967093586921692	Büfett	0.7945310473442078
Thron	Throne	0.9306881427764893	Kaiserthrone	0.8874110579490662	Thron,	0.8867063522338867	Kaiserthron	0.8827560544013977	Königsthron	0.8725258111953735	Kaiserthron,	0.8712119460105896	Kaiserthrones	0.8676332831382751	Kaiserthrone,	0.8663743138313293	Thrond	0.863146960735321	Fürstenthron	0.8553693294525146
Tisch	Tische	0.9332897663116455	Tisch,	0.9239495992660522	Kartentisch	0.8899422883987427	Seitentisch	0.8851032853126526	Serviertisch	0.879835307598114	Tischeck	0.8791298270225525	Zeichentisch	0.8733003735542297	Tische,	0.8728036284446716	Tischchen	0.8702899217605591	Küchentisch	0.8656811118125916
Tischdecke	Tischdecke,	0.9593756794929504	Tischdecken	0.9223264455795288	Plüschdecke	0.91689532995224	Tischdecke.	0.913845956325531	Tischdecken,	0.9026365280151367	Wachstuchdecke	0.8875241279602051	Plüschdecke,	0.8847790956497192	Tischdeckens	0.8833104968070984	Serviettchen	0.8732152581214905	Kaffeedecke	0.863706648349762
Tischlampe	Tischlampe,	0.9687496423721313	Tischlampe.	0.9470182657241821	Nachttischlampe	0.9442792534828186	Blechlampe	0.9211137890815735	Tischlampen	0.90782231092453	Schreibtischlampe	0.8968967795372009	Blechlampe,	0.8913897275924683	schlampe	0.888712465763092	Stehlampe	0.8856028318405151	Schreibtischlampe,	0.8830051422119141
Toilette	Toilette,	0.922598659992218	Morgentoilette	0.9128649830818176	Nachttoilette	0.9117985367774963	»Toilette	0.9102321267127991	Besuchstoilette	0.9058440923690796	Nachttoilette,	0.9050200581550598	Dinertoilette	0.9048330783843994	Morgentoilette,	0.9004223942756653	Reisetoilette	0.8999382257461548	Hoftoilette	0.8992948532104492
Tore	Tor	0.918910801410675	Tore,	0.9088359475135803	Stadttore	0.8980720639228821	Stadttor	0.8697226643562317	Schloßpforten	0.865772545337677	Thore	0.8627334237098694	Stadttor,	0.8613647222518921	Stadttors	0.8557565212249756	Stadttore,	0.8525158762931824	Burgtore	0.846173107624054
Treppe	Türtreppe	0.9353750944137573	Bodentreppe	0.9329800009727478	Treppe,	0.929291844367981	Galerietreppe	0.9280666708946228	Außentreppe	0.9252256155014038	Flurtreppe	0.924049437046051	Vortreppe	0.9232902526855469	Thürtreppe	0.920766294002533	Turmtreppe	0.9196465611457825	Gartentreppe	0.9195986390113831
Trese	Tresen	0.7639638185501099	Tresa	0.7607762813568115	Molle	0.7435284852981567	Villadsen	0.7363457083702087	Grienberger	0.7338508367538452	Treso	0.7322647571563721	Markuse	0.7302557826042175	Baugrete	0.7279583811759949	Bargenhusen	0.7256437540054321	Molle,	0.7227955460548401
Truhe	Truhe,	0.9131174683570862	Truhe.	0.8572402596473694	Kassette;	0.8455219268798828	Geldkassette,	0.8446658849716187	Schrank	0.8385168313980103	Schatulle	0.8374255895614624	Geldkassette	0.8310763835906982	Wandschrank	0.8309695720672607	Silberkammer	0.830840528011322	Kommode	0.8304334282875061
Tür	Türe	0.958949625492096	Tür,	0.945112943649292	Außentür	0.9182916283607483	Haustür	0.9127600193023682	Zimmertüre	0.9102099537849426	Wohnungstüre	0.9098944067955017	Türe,	0.9065563082695007	Korridortüre	0.9054888486862183	Vorzimmertür	0.9052774310112	Treppentür	0.9048529863357544
Türklinke	Türklinke,	0.9691595435142517	Türklinke;	0.9408027529716492	Türklinke.	0.9388036727905273	Türklinke:	0.9336758255958557	Türklinken	0.9279008507728577	Klinke	0.9269868731498718	Türklinken,	0.9220859408378601	Torklinke	0.9085010290145874	Thürklinke	0.9057298898696899	Thürklinken	0.8876951336860657
Türrahmen	Türrahmen,	0.9669580459594727	Türrahmens	0.9328222870826721	Türrahmen.	0.9101357460021973	Thürrahmen	0.9087346792221069	Thürrahmen,	0.8742426633834839	Türrahmen;	0.873112678527832	Türöffnung	0.8474685549736023	Thürrahmen.	0.8267888426780701	Fensterpfosten	0.8211079239845276	Ateliertür	0.8087677955627441
Vorhof	Vorhof,	0.8796231746673584	Vorhofe	0.8496759533882141	Vorhofes	0.8165737986564636	Vorhofs	0.8165140151977539	Vorhöfe	0.8155549168586731	Vorhof;	0.8114919066429138	Vorhof:	0.8098823428153992	Tempelsaal	0.8074052333831787	Vorhalle	0.8051930665969849	Tempelvorhof	0.8033691048622131
Vorratskammer	Vorratskammer,	0.9769187569618225	Vorratskammern	0.9567090272903442	Vorratskammer;	0.9563258290290833	Vorratskammer.	0.9489696621894836	Vorratskammern,	0.9444505572319031	Vorratskammern.	0.9345595240592957	Vorratskammer.«	0.9191973209381104	Vorratskasten	0.9096022248268127	Vorratsschrank	0.8982609510421753	Speisekammer	0.8926575183868408
WC	Csikós	0.6057679057121277	Putzpomade	0.6055238246917725	Krinolin	0.6022694706916809	Wachspomade	0.5903642177581787	–Zu	0.5860666632652283	neunzinkige	0.5846324563026428	!–	0.5843209028244019	Stärkekleister	0.5801975727081299	Kinodiva	0.5790963172912598	Purpurwolle	0.5787080526351929
Wand	Wand,	0.9090248942375183	Fensterwand	0.895148754119873	Tapetenwand	0.880914568901062	Nischenwand	0.8798331022262573	Schrankwand	0.8784348368644714	Fensterwand,	0.8770769834518433	Bretterwand	0.8766084313392639	Seitenwand	0.8751862645149231	Fensterpfeiler	0.8736886382102966	Lattenwand	0.872964084148407
Wandschrank	Wandschrank,	0.9749374985694885	Wandschrank;	0.9697113037109375	Wandschranks	0.9647856950759888	Wandschrank.	0.9476309418678284	Wandschranks,	0.9461646676063538	Schrank	0.9390379190444946	Wandschränkchen	0.93255615234375	Wandschranke	0.9324328303337097	Wandschrank.«	0.9309189915657043	Schränkchen	0.9267173409461975
Waschbecken	Waschbecken,	0.976024866104126	Waschbeckens	0.9333642721176147	Waschbecken.	0.9325448870658875	Waschbecken;	0.9257447719573975	Waschbeckens,	0.888737142086029	Waschgefäß	0.8814688920974731	Fischbecken	0.8721145987510681	Waschschüssel	0.8708167672157288	Waschschüssel,	0.8693827390670776	Waschschüsseln	0.8675056099891663
Waschkeller	Waschkammer	0.9110725522041321	Milchkeller	0.8868199586868286	Waschküche	0.8707124590873718	Milchkeller,	0.8656883239746094	Waschküche,	0.8572777509689331	Waschkessel	0.8526504039764404	Milchkeller.	0.8506349325180054	Waschküche.	0.8484698534011841	Waschkübel	0.8433817028999329	Waschküchen	0.8388962149620056
Waschstube	Waschkammer	0.8798375725746155	Waschzimmer	0.8583968281745911	Waschraum	0.8568355441093445	Waschzimmer,	0.8487678170204163	Waschkeller	0.8380957245826721	Wäschezimmer	0.8376890420913696	Waschraum,	0.8362082242965698	Waschküche,	0.8320654630661011	Waschhaus	0.8316072821617126	Waschplatz	0.8290634155273438
Waschzimmer	Waschzimmer,	0.9754022359848022	Nähzimmer	0.938814640045166	Wäschezimmer	0.9232209920883179	Wachzimmer	0.9108193516731262	Besuchzimmer	0.9038127064704895	Wachzimmer,	0.8972139954566956	Privatwohnzimmer	0.8954207301139832	Speisezimmer	0.8938321471214294	Arztzimmer	0.8937477469444275	Malzimmer	0.8935378193855286
Winde	Winde,	0.9323323369026184	Wind	0.875191867351532	Winden	0.8626937866210938	Sonnenwinde	0.8425425291061401	Morgenwinde	0.8337482810020447	Westwinde	0.831081211566925	Wind,	0.8285036087036133	Windes	0.8228422403335571	Nachtwinde	0.8222492933273315	Gegenwinde	0.8148179054260254
Wohnung	Wohnung,	0.9004887938499451	Hotelwohnung	0.8971467614173889	Stadtwohnung	0.8901423215866089	Arztwohnung	0.8799351453781128	Elternwohnung	0.8755587339401245	Portierswohnung	0.871149480342865	Privatwohnung	0.8710222244262695	Behausung	0.8693786263465881	Gastwohnung	0.8691231608390808	Vorstadtwohnung	0.8661348819732666
Wohnzimmer	Wohnzimmer,	0.9562380909919739	Eßzimmer	0.947140097618103	Wohnzimmerchen	0.9465636014938354	Wohnzimmern	0.9443386793136597	Wohnzimmer;	0.9377901554107666	Kaminzimmer	0.9344432353973389	Nähzimmer	0.9339090585708618	Speisezimmer	0.931250274181366	Lernzimmer	0.9277427792549133	Schlafzimmer	0.9269770979881287
Wohnzimmertisch	Eßzimmertisch	0.9770452976226807	Wohnzimmer	0.9374222755432129	Diwanzimmer	0.9288867115974426	Wohnzimmerchen	0.9233278632164001	Eßzimmer	0.923078179359436	Wohnzimmer,	0.9219741225242615	Wohnzimmern	0.9197059869766235	Kaminzimmer	0.9176867604255676	Fenstertischchen	0.9138728976249695	Wohnzimmerchen,	0.9116806983947754
Zelle	Zelle,	0.9281542301177979	Gefängniskammer	0.8497188091278076	Zelle.	0.8477172255516052	Gefängnisraum	0.8446015119552612	Totenkammer	0.8388839364051819	Gefängnisraum,	0.8367838859558105	Gefängniszelle	0.835230827331543	Schlafzelle	0.8321844935417175	Gefängniszelle,	0.8317263722419739	Kerkerzelle	0.8308911919593811
Zimmer	Schlafzimmer	0.9317454099655151	Zimmer,	0.9248195290565491	Mietzimmer	0.9204121232032776	schlafzimmer	0.9086133241653442	Wohnzimmer	0.908344030380249	Mietszimmer	0.9028362035751343	Portierzimmer	0.9027829170227051	Schlafzimmer,	0.899398922920227	Kleiderzimmer	0.8981243371963501	Arbeitszimmer	0.8974819183349609
Zimmern	Zimmern,	0.940343976020813	Schlafzimmern	0.9117964506149292	Wohnzimmern	0.9062474370002747	Schlafzimmern,	0.905388355255127	Fremdenzimmern,	0.9041045308113098	Fremdenzimmern	0.9034938812255859	Gemächern	0.9033742547035217	Zimmerräume	0.9024533629417419	Schlafgemächern	0.9017685651779175	Wohnzimmern,	0.8962376713752747
